{"acc": [19.02, 21.34, 22.48, 25.45, 27.33, 27.19, 29.53, 29.24, 32.02, 33.47, 37.61, 38.95, 40.43, 40.6, 42.21, 44.59, 49.1, 50.41, 51.66, 55.78, 56.99, 55.15, 59.96, 61.04, 63.43, 63.63, 66.44, 64.97, 67.74, 68.49, 68.37, 68.33, 70.98, 70.83, 71.03, 71.06, 72.91, 73.72, 73.74, 75.0, 75.77, 75.78, 74.83, 75.53, 76.05, 76.16, 75.09, 75.04, 77.41, 77.42, 77.83, 78.2, 78.55, 79.11, 79.1, 78.45, 79.08, 78.95, 79.88, 79.64, 80.22, 80.57, 78.03, 80.86, 75.98, 80.89, 81.91, 81.15, 80.71, 80.83, 80.28, 81.32, 81.57, 81.23, 81.58, 80.86, 81.09, 80.97, 80.95, 82.23, 81.74, 82.19, 81.31, 82.42, 81.42, 82.57, 82.07, 82.04, 82.23, 81.49, 81.13, 82.02, 82.4, 81.6, 83.52, 81.51, 82.62, 82.51, 82.6, 82.72, 82.43, 81.75, 81.5, 82.47, 82.65, 82.95, 82.88, 81.99, 82.6, 83.09, 82.56, 82.6, 82.64, 82.54, 82.55, 82.22, 82.85, 82.23, 82.7, 83.16, 80.09, 82.86, 83.13, 82.24, 83.33, 83.41, 83.07, 80.95, 82.76, 82.96, 83.13, 83.37, 82.94, 82.25, 83.43, 81.99, 82.18, 83.52, 82.28, 83.32, 82.88, 83.36, 83.15, 83.9, 82.51, 82.52, 83.24, 82.58, 83.5, 82.27, 83.06, 82.78, 83.0, 83.5, 83.2, 82.93, 82.11, 82.34, 83.54, 83.7, 83.03, 82.37, 83.36, 83.63, 83.48, 83.69, 83.11, 84.08, 83.14, 83.39, 83.36, 83.76, 83.83, 82.75, 83.48, 83.01, 82.82, 83.53, 83.41, 83.5, 83.76, 82.61, 83.84, 83.36, 83.88, 83.08, 83.22, 83.81, 83.93, 83.7, 83.35, 83.29, 82.9, 83.83, 83.64, 83.41, 83.06, 83.51, 83.52, 83.43, 83.54, 83.13, 83.96, 83.41, 83.98, 82.96, 83.9, 82.83, 83.89, 84.32, 83.97, 83.79, 82.81, 84.25, 83.12, 83.48, 83.76, 83.63, 83.85, 83.39, 82.35, 83.69, 83.96, 84.34, 84.16, 83.9, 84.02, 82.61, 84.49, 84.2, 83.75, 83.89, 84.08, 83.4, 83.53, 83.59, 83.71, 79.84, 83.84, 84.43, 84.12, 82.35, 83.99, 83.14, 83.73, 84.04, 83.75, 83.4, 83.81, 84.64], "loss": [2.27972344493866, 2.0396564564704893, 1.9542670073509216, 1.86722190284729, 1.822035237789154, 1.7964800443649291, 1.74341006231308, 1.7398357639312745, 1.7129582738876343, 1.6903123712539674, 1.6458211579322815, 1.603904543876648, 1.5569570660591125, 1.538309947490692, 1.5178946099281312, 1.4622018504142762, 1.4261212043762208, 1.3828501653671266, 1.3748692631721497, 1.2719689071178437, 1.2368292798995972, 1.2244363570213317, 1.195655844449997, 1.1282509391307831, 1.0883562539815903, 1.0494705669879913, 1.0126735655069352, 0.9833643095493316, 0.9730222299098968, 0.9471778597831726, 0.8802349599599838, 0.8802607296705246, 0.8608769320249557, 0.8555522673130035, 0.8220434839725494, 0.7487308781147003, 0.7623273246288299, 0.7680878190994262, 0.7569573329687118, 0.7395666173696518, 0.7081959284543992, 0.6764815101623535, 0.6765513520240783, 0.6621281006336213, 0.6509937412142753, 0.5686907231807709, 0.6380061995983124, 0.6020872260928154, 0.6104357584118844, 0.5956834336519241, 0.5471245812177659, 0.5429470294713974, 0.5407755612134933, 0.5255859842896462, 0.5609738748669625, 0.4770886178314686, 0.4839548740386963, 0.49029351109266284, 0.4972468428015709, 0.49417695713043214, 0.4102733103632927, 0.42930192026495934, 0.4475380966365337, 0.4807007940411568, 0.4404400654733181, 0.3927098041474819, 0.39112066286802294, 0.3902990074753761, 0.39623933619260787, 0.3854010805934668, 0.3430497272759676, 0.33705924279987814, 0.3557849155962467, 0.3633598591387272, 0.3715673653781414, 0.2940979179888964, 0.32542901569604876, 0.30922682851552963, 0.32859802678227423, 0.3204767973572016, 0.27504180301725867, 0.256948568791151, 0.2984227013885975, 0.3084528611600399, 0.2902931127101183, 0.28918509831279515, 0.24324640715122223, 0.2643163076937199, 0.24027549371868373, 0.2722896956652403, 0.24509264732524752, 0.26306746125221253, 0.24517915528640152, 0.21985304464772343, 0.22134484177827835, 0.18919886652752757, 0.22065942334756256, 0.21232952786237003, 0.20550220265612007, 0.2180339275151491, 0.17626507025957108, 0.17930840927548705, 0.19232585065066815, 0.21327156399935485, 0.18905134268477558, 0.158037645239383, 0.15604365859553218, 0.17937298239767552, 0.19753907842934132, 0.18237861289829016, 0.1484982079565525, 0.1718464615754783, 0.15952181051298975, 0.17538152318075298, 0.16415407835319637, 0.1379176249206066, 0.1493466281928122, 0.14843706914037466, 0.1979995388314128, 0.15790758769400418, 0.20438389139529317, 0.16291198569908738, 0.11948255787417293, 0.14316402430809103, 0.12748186854831875, 0.10152835248224437, 0.11532384375669062, 0.11695300993137062, 0.13617016260977835, 0.1421890738606453, 0.08798404914652928, 0.09343367388332263, 0.12325327319069765, 0.12321669129375368, 0.13009411333967, 0.09548096474562771, 0.13708816862432285, 0.12623269507754595, 0.11101238597556949, 0.13984823156055062, 0.0839055836906191, 0.12057319826260209, 0.0918825874524191, 0.0961356904692948, 0.10451356869842857, 0.09581857907725498, 0.10198724656365812, 0.11511006912449374, 0.10568299578689039, 0.10400392697751522, 0.10018302764627152, 0.09861090740049258, 0.10585649879742413, 0.09079004428023472, 0.07617685706773773, 0.08257900433288887, 0.11831521875876934, 0.09897867192700505, 0.09697750467294827, 0.09291138635401149, 0.07054906683717854, 0.0728683549532434, 0.08898421922593844, 0.0803275010548532, 0.08819890907010995, 0.06942449301452143, 0.0831410694392398, 0.0771068556746468, 0.09713619621528778, 0.0851141025852412, 0.07677285365737044, 0.06791469032480381, 0.06786996973911301, 0.088336591062136, 0.09205822539236397, 0.0673906933972612, 0.06636339996848255, 0.06862269927258603, 0.10835520687428653, 0.08602125773497392, 0.07044929487619084, 0.06089974165815511, 0.07669595279276836, 0.11224434299743734, 0.07591037335331202, 0.07187096901901532, 0.07475057994911913, 0.07995835024025291, 0.060329210825962945, 0.05352899405662902, 0.08890596513147465, 0.08437976926378905, 0.06938426714588422, 0.055333835782257666, 0.08148810783179943, 0.05773748311185045, 0.075603382383415, 0.07710162282944658, 0.0516498330157483, 0.06451985758368392, 0.05711979815049563, 0.050368326952659116, 0.0636992717650719, 0.07370074942376231, 0.06647815832390916, 0.07623578047839692, 0.06542205396923237, 0.09661045477259904, 0.08729111397569068, 0.056857840957120064, 0.04735057076602243, 0.04197879709478002, 0.042834693288546985, 0.07257857186335605, 0.08419321031577419, 0.06412643665215001, 0.06318317892815685, 0.0715816743792966, 0.05326824061200023, 0.044098863587685624, 0.06939591383235529, 0.0802430908754468, 0.06136765250976896, 0.037235504932352344, 0.06733828735142015, 0.04078716276108753, 0.055115678306203335, 0.06069938289761194, 0.08519996116356925, 0.049660179609476475, 0.039196584960416656, 0.059938796938338784, 0.047857737514234035, 0.09226092248079658, 0.057493094725999984, 0.046325563899372355, 0.04442157009078073, 0.06002409694649396, 0.10836832849029451, 0.053426636717107616, 0.04376940754655516, 0.059703173758287445, 0.08021965741971508, 0.07629866836778819, 0.05982515683735255, 0.033660681823632334, 0.039659900350292446, 0.04220807197077738, 0.04731831943526049, 0.0385599895514315],