{"acc": [16.9, 20.11, 23.62, 22.94, 26.45, 26.69, 27.92, 29.91, 30.73, 32.02, 33.01, 37.49, 38.16, 39.03, 40.71, 41.39, 46.55, 48.32, 49.17, 51.7, 53.03, 55.67, 54.58, 56.24, 58.32, 62.13, 61.11, 62.31, 63.29, 65.75, 65.15, 65.3, 68.07, 67.82, 68.12, 68.73, 71.03, 71.0, 71.53, 72.08, 71.27, 73.23, 73.16, 73.26, 74.29, 74.3, 75.31, 75.25, 76.4, 75.94, 76.33, 77.05, 73.85, 77.73, 76.67, 76.63, 77.19, 77.21, 79.21, 78.98, 77.12, 78.32, 78.91, 78.75, 79.35, 79.06, 78.38, 78.79, 79.65, 80.72, 79.89, 81.07, 80.35, 80.21, 79.0, 81.35, 80.7, 80.21, 81.2, 81.21, 81.38, 81.57, 79.89, 81.31, 81.14, 80.53, 81.71, 81.37, 80.83, 81.6, 82.0, 81.43, 81.86, 81.35, 80.87, 81.82, 81.82, 81.11, 81.25, 82.15, 81.23, 81.91, 81.84, 82.02, 82.35, 80.04, 81.3, 82.28, 82.34, 82.5, 82.41, 82.44, 82.66, 82.48, 81.75, 82.95, 80.95, 82.33, 81.97, 82.62, 82.95, 82.22, 82.4, 83.21, 82.48, 82.66, 82.04, 82.48, 81.99, 82.76, 80.84, 82.89, 83.24, 82.61, 82.79, 82.72, 79.48, 83.24, 83.14, 82.12, 83.2, 82.81, 83.21, 81.75, 82.81, 82.92, 82.81, 82.28, 83.1, 83.08, 82.41, 83.36, 82.4, 83.16, 83.34, 83.18, 83.32, 83.77, 83.27, 82.57, 81.23, 82.13, 83.23, 83.52, 83.23, 82.07, 83.17, 82.5, 83.65, 82.09, 82.68, 82.9, 83.59, 83.53, 81.54, 81.38, 81.51, 82.4, 83.36, 83.18, 82.59, 83.43, 83.67, 83.19, 83.56, 82.91, 81.79, 83.37, 82.52, 82.8, 83.51, 83.51, 83.7, 83.89, 83.21, 83.35, 84.2, 83.07, 82.53, 82.43, 83.38, 83.7, 82.96, 82.65, 84.14, 82.28, 83.39, 83.7, 83.87, 83.08, 82.94, 82.89, 83.85, 82.53, 83.64, 82.47, 83.39, 82.21, 83.17, 83.63, 82.02, 82.98, 82.85, 84.04, 81.4, 82.69, 83.32, 83.62, 84.29, 84.03, 83.29, 82.28, 83.09, 83.51, 82.84, 83.74, 84.08, 83.08, 83.59, 84.12, 83.59, 83.19, 83.44, 83.37, 83.69, 83.77, 84.0, 83.16, 83.3, 83.37], "loss": [2.242773283958435, 2.0222079315185546, 1.958493420600891, 1.9051513357162475, 1.8560136294364928, 1.791004737854004, 1.7866031956672668, 1.7398018536567688, 1.7360816035270692, 1.6814822421073914, 1.6665500140190124, 1.6359195556640624, 1.6015578217506408, 1.569332604408264, 1.5588452563285828, 1.5060288739204406, 1.4790988841056825, 1.4414712443351745, 1.392178293943405, 1.3107464253902434, 1.2849412231445312, 1.2561411616802216, 1.1936323039531709, 1.18578462266922, 1.1628021917343139, 1.0731694254875184, 1.0576906502246857, 1.051112809419632, 1.0331909198760987, 1.0020310430526733, 0.9393861756324768, 0.9523564763069153, 0.9316089887619019, 0.9054841514825821, 0.8804986197948456, 0.8540644260644913, 0.8295116571187973, 0.7983505827188492, 0.7924362154006958, 0.766361478805542, 0.7330313112735748, 0.70226023209095, 0.7125710037946701, 0.7112543717622757, 0.7098376387357712, 0.6390915797352791, 0.6251429092884063, 0.6220518540143967, 0.64258483928442, 0.6267496997117996, 0.5470820773243904, 0.5500122077465057, 0.5921844445466995, 0.5717642093896866, 0.5827362096905708, 0.5148141028881073, 0.5226827768683433, 0.5055452687740326, 0.5075621857047081, 0.5152777760028839, 0.4536538094878197, 0.4668202061355114, 0.49092310458421706, 0.47082405412197115, 0.460924864590168, 0.39526636216044425, 0.4364066976010799, 0.4301453247368336, 0.3956247923672199, 0.40847328227758406, 0.3524809761941433, 0.3549288182407618, 0.3566157297641039, 0.37283868600428105, 0.37358125481009485, 0.3209253119379282, 0.33093275913596154, 0.33887775760889055, 0.32609236425161364, 0.33703705184161664, 0.2614331216290593, 0.2821246146634221, 0.29833418822288515, 0.2915705313533545, 0.2953849233239889, 0.24521443780511618, 0.2527907039001584, 0.2651734987348318, 0.2794402540922165, 0.26221607096493244, 0.2212574021536857, 0.23012940619885922, 0.252886334978044, 0.2421135096102953, 0.2531852419525385, 0.2022756319642067, 0.19288547310605644, 0.21172590412944556, 0.23025096412748097, 0.21409142386168242, 0.18541504539363085, 0.16104905407875778, 0.18667485535703598, 0.19758236488699912, 0.19611496179178356, 0.16639224054850638, 0.18194916195049882, 0.1975752994120121, 0.17281976708583532, 0.19926545222103595, 0.15831362230330706, 0.15350637131277473, 0.15040353640075774, 0.15406297099776567, 0.16065725127095357, 0.12960732584167273, 0.12954266744107007, 0.16137974458932877, 0.15316834165342152, 0.14857768824882805, 0.124997811909765, 0.11013339925929903, 0.13729059015028178, 0.1457663196846843, 0.1501644735429436, 0.12279363161185756, 0.11484103203658015, 0.12761774628888817, 0.12480703300796449, 0.13278577049379237, 0.12127844991208986, 0.1316943389782682, 0.11828061318770051, 0.12075618364987895, 0.13190698633901776, 0.09540491095476318, 0.1454396853232756, 0.1541687659956515, 0.11942170225735754, 0.11489312208909541, 0.09355562719516457, 0.09885937052522786, 0.10641476068925113, 0.1004688281796407, 0.10872888153977692, 0.08135424741497263, 0.09532429021399003, 0.10102944556297734, 0.09368150671385228, 0.12271789222955704, 0.10717631919449196, 0.10088492852495984, 0.08133191316551529, 0.09109360186383128, 0.08702088737022132, 0.08840854901634157, 0.07776684063207358, 0.09075673445366556, 0.0837696612207219, 0.1061388499867171, 0.0871795776381623, 0.0950252484876546, 0.10195774722308852, 0.08652624252717941, 0.08519720539450645, 0.0719802097739448, 0.0716670898408629, 0.08415913791349158, 0.07310609655687586, 0.07518447892856785, 0.06263247531466186, 0.07661418262962252, 0.06819148459890857, 0.0815665299789689, 0.0832124041072093, 0.06788949458964634, 0.08359977027843707, 0.08629814421595074, 0.0629047532263794, 0.08227731075789779, 0.06558396462071688, 0.07842598724830896, 0.07826232950441772, 0.07997823018720374, 0.07270732527237851, 0.06562747066398152, 0.09579786226802389, 0.08517803981620818, 0.0643327713686158, 0.07142250589316246, 0.05657812573976116, 0.0828764891505707, 0.05986626792815514, 0.06922526692412793, 0.058303095911745914, 0.057311424978659486, 0.06446478439803469, 0.05185763832379598, 0.0727700261590071, 0.06808456879598089, 0.05193328863935312, 0.08638931963371578, 0.08214505633944645, 0.08487819672445766, 0.07168495157099096, 0.06495347966888221, 0.06227196175744757, 0.07843721327721141, 0.05499510567839025, 0.06695215205766726, 0.07685376734216698, 0.06987047772482037, 0.054803261740715245, 0.04300526739028283, 0.04850927322905045, 0.04507368778658565, 0.05417929840169381, 0.06390009033540264, 0.0694317905367352, 0.05634013940289151, 0.0426340698638378, 0.0651331586551969, 0.0809331407265272, 0.0519993844878627, 0.08727025109375244, 0.0816196239865385, 0.06488725651800632, 0.043382418446592054, 0.05381454002368264, 0.038781130693882004, 0.031038586445691182, 0.05692692789284047, 0.05324039532706956, 0.050561499715666286, 0.06640501742140623, 0.05053319957916392, 0.06282416525809094, 0.11109281888010446, 0.09692196215502918, 0.04632272409327561, 0.04826771674572956, 0.04016381372512842, 0.04225879485718906, 0.0525849956945458, 0.0683104188714642, 0.03581185554459807, 0.03867972062190529, 0.04607236995251151, 0.05385700895996706, 0.0567623717393144],